word,meaning
abandon,v. 遺棄
ability,n.能力；才能
able,adj.能；有能力的
abolish,v.廢除
abortion,n.墮胎
about,prep./adv.關於
above,prep./adv./adj. 在…上面；優於，勝過
abroad,adv.在(到)國外
absence,n.缺席；缺少
absent,adj.缺席的
absolute,adj.完全的；絕對的
absorb,v.吸收；理解
abstract,adj.抽象的
absurd,adj.荒唐的
abundance,n.豐富
academic,adj.學院的；學術的
accept,v./n.接受
acceptable,adj.可以接受的
acceptance,n.接受
accessible,adj.易接近的
accident,n.事故
accommodation,n住所
accompany,v.陪同
accomplish,v.完成
accomplishment,n. [C]才藝；[U]完成
accordingly,adv. 因此
account,n.帳戶；描述
accountable,adj. 負有責任的
accountant,n.會計師
accounting,n.會計學
accumulate,v. 累積
accumulation,n.累積
accuracy,n.正確(性)
accurate,adj.準確的
accusation,n.控訴
accuse,v.把…歸咎(於)；指控
acquire,v.取得
acquisition,n.取得；獲得物
acre,n.英畝
across,prep./adv.橫越
act,n./v.行動；表演
action,n.行動；作用
active,adj.活躍的；積極的
activity,n.活動；活動力
actor,n.男演員
actress,n.女演員
actual,adj.實際的
acute,adj.敏銳的
ad,n.廣告
adapt,v.使適應
adaptation,n.適應；改編(本)
add,v.增加
addiction,n.耽溺
addition,n.增加；附加
additional,adj.附加的
address,n./v.地址；致詞
adequately,adv.充分地
administrative,adj.行政的
administrator,n.行政官員
admire,v.欽佩；欣賞
admission,n.加入許可；承認
admit,v.承認
adolescent,adj./n.青春期的；青少年
adopt,v.採取；收養
adult,n.成年人
advance,n./v.推進；將…提前
advanced,adj.先進的；高等的
advantage,n.有利條件；優勢
adventure,n.冒險
adverse,adj.反對的
advertising,n.廣告業
advice,n.勸告；消息
advise,v.勸告；忠告；通知
advocate,n./v.提倡者；擁護
aesthetic,adj.美感的
affair,n.事情；事件
affect,v.影響；使感動
affection,n.愛情
afford,v.類得起；承擔得起
afraid,adj.害怕的
after,prep./adv./adj.在…之後；以後的
aftermath,n.餘波
afternoon,n.下午
again,adv.再一次
against,prep.反對；對著
age,n./v.年齡；使變老
agency,n.代理機構；仲介
agenda,n.議程
agent,n.代理人；仲介人
aggression,n.侵略
aggressive,adj.好鬥的；積極的
ago,adv. 在～以前
agriculture,n.農業
ahead,adv.在·前面；領先
aid,n./v.幫助
aide,n.助理
aids,n.愛滋病
aim,n./v.目標；瞄準
air,n.空氣；大氣；天空
aircraft,n.航空器；飛機
airline,n.航線；航空公司
airport,n.機場；航空站
alarm,n./v.警報；驚恐
albeit,adv.儘管
album,n.一套唱片；相簿
alcohol,n.酒精
alcoholic,n./adj.酒精飲料；含酒精的
alert,adj./v./n.警覺的；警戒
alien,adj.外國的
alike,adj./adv. 相同的
alive,adj.活著的；有活力的
all,adj./adv./pron.全部的；全體
allegation,n.宣稱
allege,v.聲稱
alliance,n.聯盟
allocate,v.撥給
allocation,n.配給
allow,v. 允許
almost,adv.幾乎
alone,adj./adv.單獨的
along,prep./adv.沿著；一起
alongside,prep./adv.靠著…旁邊
already,adv.已經；先前
also,adv.同樣地
alternative,adj.替代的；二擇一的
although,conj.雖然；然而
altogether,adv.完全；總而言之
always,adv.總是；永遠
amateur,n./adj.業餘從事者；業餘的
amazing,adj.令人驚訝的
ambassador,n.大使；使節
ambition,n.抱負；志向
ambitious,adj.野心勃勃的
ambulance,n.救護車
amend,v.修改
amid,prep.在…當中
among,prep.在…之中
amount,n./v.共計；總數
analogy,n.相似
analysis,n.分析
analyst,n.分析家
ancestor,n.祖先
anchor,n.
ancient,adj.古代的
angel,n.天使
anger,n.生氣
angle,n角度；立場
angry,adj.生氣的
animal,n.動物
ankle,n.足踝
anniversary,n.週年紀念
annual,adj.一年一度的
anonymous,adj.不具名的
another,adj./pron.另一個
answer,n./v.答案
anxiety,n.焦慮
anxious,adj.焦慮的
any,adj./adv./pron.任何的；若干
anyway,adv.無論如何
apart,adj./adv.分開的
apartment,n.公寓大樓
apologize,v.道歉
apology,n.道歉
apparent,adj.明顯的
appeal,n./v.吸引；呼籲
appealing,adj.迷人的
appear,v.出現；顯露
appearance,n.外貌；顯露
appetite,n.胃口；食慾
applaud,v.鼓掌
applicable,adj.適用的
applicant,n.申請人
application,n.應用；申請書
apply,v.應用；申請
appoint,v.任命；指派
appointment,n.約定；指派
appreciate,v.欣賞；感激
appreciation,n.欣賞；感謝
approach,n./v.接近；著手處理
appropriate,adj.適當的
approval,n.同意；認可
approve,v.同意；認可
april,n.四月
architect,n.建築師；設計師
architecture,n.建築學；建築風格
archive,n.檔案
area,n.區域；範圍
arena,n.活動場所(供運動、娛樂的)
arise,v.升起；復活
arm,n.手臂
armed,adj.武裝的
army,n.軍隊；團體
around,prep./adv.各處；大約
array,n.一長列
arrest,v./n.逮捕；拘留
arrival,n.到達；到達者
arrive,v.到達；抵達
arrow,n.箭
art,n.藝術；藝術品
article,n.文章；冠詞
articulate,v.清楚的表達
artificial,adj.人造的
artist,n.藝術家；藝人
artistic,adj.藝術的
as,prep./adv./conj 如同；當…時；雖然
ash,n.灰燼；骨灰
ashamed,adj.感到羞恥的
aside,adv.在旁邊；除…之外
ask,v.詢問；要求
asleep,adj.睡著的
aspect,n.方面；觀點
aspiration,n.願望
assault,n.攻擊
assemble,v.集合
assembly,n.與會者；議會
assertion,n.紙張
asset,n.資產
assist,v.協助
assistance,n.協助
assistant,n.助理
associate,v.關聯
association,n.協會；聯想；合作
assume,v.假定；假裝
assurance,n.保證
assure,v.保證
asylum,n.庇護(所)
athlete,n.運動員
atmosphere,n.氣壓；氣氛
attack,v./n.攻擊
attempt,v./n.嘗試
attend,v.參加
attention,n.注意力
attitude,n.態度
attract,v.吸引；引誘
attraction,n.吸引力
attractive,adj.有吸引力的
auction,n.拍賣
audience,n.觀眾；聽眾
audio,adj.可聽頻率的
august,n.八月
aunt,n.姑媽；阿姨
author,n.作者
authority,n.權力；當局
automatic,adj.自動的
automatically,adv.自動地
autonomy,n.自治(權)
autumn,n.秋季
availability,n.有效
average,adj./n./v.平均的
avoid,v.避免；躲開
await,v.等候；期待
award,v./n授予；獎品
away,adv.離開；不在
awful,adj.糟透的
awkward,adj.笨拙的；棘手的
baby,n.嬰兒；寶貝
back,adj./adv./n./v. 後面的；背部；贊助
background,n.背景
bacteria,n.細菌
bad,adj.不好的；有害的
bag,n.袋子
bail,n.保釋(金)
bake,v.烘；烤
balance,n./v.平衡
ball,n.球；球狀體
ballet,n.芭蕾舞
balloon,n.氣球
ballot,n.無記名投票
ban,v.禁止
banana,n.香蕉
band,n.帶子；樂團
bank,(1)n.銀行
bar,n.棒；沙洲；酒吧
bare,adj.裸的；不加掩飾的
barely,adv.勉強地；露骨地
bargain,n./v.買賣；便宜貨
barrel,n.大桶
barrier,n.障礙物；棚欄
base,n./v.基礎
baseball,n.棒球
based,adj.以…為基礎的
basement,n.地下室
basic,adj.基本的
basket,n.籃子；簍子
basketball,n.籃球
bass,n.低音部
bat,n./v.球棒
bath,n.澡缸；沐浴
bathroom,n.浴室
battery,n.電池
battle,n./v.戰役
battlefield,n.戰場
bay,n.海灣
beach,n.海灘
beam,n.樑；光束
bean,n.豆子
bear,n.熊；魯莽之人
beast,n.野獸
beat,n./v.敲擊；打敗
beautiful,adj.美麗的
beauty,n.美人
because,conj.因為
become,v.變成
bed,n.床
bedroom,n.臥室
bee,n.蜜蜂
beef,n.牛肉
beer,n.啤酒
before,prep./adv./conj. 在…之前
beg,v.乞求；乞討
begin,v.開始
behalf,n.為了…的利益；代表
behave,v.表現；行為舉止
behind,prep./adv.在…後面；落後
being,n.存在；生物
belief,n.信念；信條
believe,v.相信
bell,n.鐘(聲)；鈴(聲)
belong,v.歸屬於
beloved,n.所愛的人
below,prep./adv.在…下方
belt,n.腰帶；帶狀物
bench,n.長板凳
bend,n./v.彎曲
beneath,prep.在…下面
beneficial,adj.有益的
benefit,n./v.利益；有益於
beside,prep.在旁邊
besides,prep./adv.除此之外
best,adj./adv.最好的
bet,n./v.打賭
better,adj./adv.更好的
between,prep./adv.介於…之間
beyond,prep./adv.在遠處
bias,n.成見
bid,v.出價；吩咐
big,adj.大的
bill,n.帳單；鈔票
billion,n.十億；大量
bind,v.捆；綁
biography,n.傳記
biological,adj.生物(學)的
biology,n.生物學
bird,n.鳥
birth,n.出生；分娩
biscuit,n.小麵包；餅乾
bishop,n.主教
bite,n./v.一口之量；咬
bitter,adj.有苦味的；痛苦的
bizarre,adj.古怪的
black,adj./n.黑的
blame,n./v.責備；歸咎於…
blank,adj./n.空白的
blanket,n.毛毯
blast,n.一陣疾風
bleed,v.流血
blend,v.使混合
bless,v./n.為…祝福
blessing,n.賜福；同意
blind,adj./v.瞎的；使看不見
block,n./v.塊；障礙物；堵住
blonde,n.金髮白種人
blood,n.血液
blow,n./v.吹；吹氣；打擊
blue,adj./n.藍色的
board,n.木板；牌子
boast,v.自吹自擂；誇耀
boat,n./v.小船；划船
body,n.身體；主要部分
boil,v./n.沸騰
bold,adj.英勇的；大膽的
bomb,n./v.炸彈；轟炸
bond,n.聯結；契約；債券
bone,n.骨頭；骨質
bonus,n.紅利
book,n.書籍
boom,n.隆隆聲；景氣
boost,v.提升
boot,n.(長筒)靴
border,n./v.邊界；比鄰
bored,adj.感到厭煩的
boring,adj.令人厭煩的
born,adj.出生的
borrow,v.借入
boss,n.老闆
both,adj./adv./pron.兩者皆
bother,v./n.打擾；煩惱
bottle,n./v.瓶子；把…裝瓶
bounce,n./v.跳，躍；使反彈
bound,adj.很有可能的；準備前往…的
bow,(1) n.弓；虹；蝴蝶結
bowl,n.碗
box,n./v.箱，盒；把…裝箱
boy,n.男孩；少年
brain,n.腦袋；智力
branch,n./v.樹枝；分支
brand,n.商標；烙印
brave,adj.勇敢的
breach,v.違犯
bread,n.麵包
break,n./v.打破；破曉
breakdown,n.故障
breakfast,n./v.早餐
breakthrough,n突破
breast,n.胸部
breath,n.呼吸
breathe,v.呼吸
breed,n./v.繁衍；滋生
brick,n.磚
bride,n.新娘子
bridge,n./v.橋樑；艦橋
brief,adj./n./v.簡短的
bright,adj.明亮的；聰明的
brilliant,adj.光輝的；傑出的
bring,v.帶來；引起
broad,adj.寬廣的；概括的
broadcast,n./v.廣播；播放
brother,n.兄弟
brown,adj./n.棕色的
brush,n./v.刷子；刷
brutal,adj.殘忍的
bubble,n.氣泡；泡影
budget,n./v.預算
bug,n.蟲子
build,v.建造
building,n.建築物
bulk,n.大量
bullet,n.子彈
bunch,n.一束；一群
burden,n./v.負擔；加負擔於…
bureaucracy,n.官僚
burn,v./n.燃燒；燒傷
burst,v./n.爆發；爆炸
bury,v.埋
bus,n.巴士
bush,n.灌木叢
business,n.商業；交易
busy,adj./v.忙碌的
butter,n./v.奶油；塗奶油於
button,n./v.鈕扣；按鈕
buy,v.買
cabin,n.客艙
cabinet,n.櫥櫃；密室
cable,n./v.電纜；有線電視
cafe,n.咖啡店；咖啡
cake,n.蛋糕
calculate,v.計算
calculation,n.計算
call,n./v. 呼叫；打電話
calm,adj./v. 鎮靜的
camera,n.照相機
camp,n./v.營地；露營
campaign,n./v.競選活動；戰役
campus,n.(大學的) 校園
can,n./v.罐頭；金屬容器
canal,n.運河
cancel,v.取消
cancer,n.惡性腫瘤；癌症
candidate,n.候選人
candle,n.蠟燭
canvas,n帆布
cap,n./v.帽子；覆蓋
capable,adj.有能力的
capacity,n.容量；能力
capital,adj./n.主要的；首都；資本
capitalist,n.資本家
captain,n.隊長；船(艦)長
capture,v./n.捕獲；獲物
carbon,n. 碳
card,n.卡片；紙牌遊戲
care,n./v.關心；照顧
career,n.職業
careful,adj.仔細的
careless,adj.粗心大意的
cargo,n.貨物
carpet,n.地毯
carriage,n.四輪馬車；運輸
carrot,n.胡蘿蔔
carry,v.運送；攜帶
cartoon,n.卡通；連環漫畫
carve,v.雕刻；開拓
case,(1) n.事實；實例
cash,n./v.現金
casino,n.賭場
cast,n./v.投；演員陣容
castle,n.城堡
casual,adj.偶然的；碰巧的
casualty,n.傷亡者
catalogue,n.目錄
catch,v./n.抓住；捕獲
cater,v.承包伙食
cattle,n.牛；牲口
cause,n./v.導致；原因
caution,n.謹慎
cautious,adj.小心的
cave,n.洞穴
cd,n.(=compact disc)光碟
cease,v.停止
ceiling,n.天花板
celebrate,v.慶祝
celebration,n慶祝
celebrity,n.名人(聲)
cell,n.小囚房；細胞
cemetery,n.墓地
cent,n.一分錢
central,adj.中央的；核心的
century,n.世紀
ceremony,n.典禮；禮儀
certain,adj.確信的
certificate,n.證書
chain,n./v.鏈條；束縛
chair,n.椅子
challenge,n./v.挑戰
challenging,adj.富有挑戰性的
chamber,n.房間；室
champion,n.優勝者；戰士
championship,n.冠軍稱號；錦標賽
chance,n./v.偶然；機會
channel,n./v.海峽；溝渠
chaos,n.無秩序狀態
chapter,n.章，回
character,n.性格；特質
characteristic,adj./n.特有的；特性
charge,n./v.索價；控告
charity,n.慈善團體
charm,nJv.魅力；使陶醉
charming,adj.有魅力的
chart,n./v.圖表
chase,v./n.追逐
chat,v./n.聊天
cheap,adj.便宜的
cheat,v./n.作弊；欺騙
check,n./v.支票；檢查
cheek,n.臉頰
cheer,n./v.歡呼；激勵
cheerful,adj.興高采烈的
cheese,n.乳酪；乾酪
chef,n.主廚
chemical,adj./n.化學的
chemistry,n.化學；化學作用
chest,n.胸膛；箱子
chicken,n.雞肉；膽小鬼
chief,adj./n.主要的；首領
child,n.小孩子
childhood,n.童年時期
chip,n./v.晶片；削
chocolate,n.巧克力
choice,n./adj.選擇
choir,n.合唱隊
choose,v.選擇
chop,v./n.劈；肋排肉
chronic,adj.慢性的
chunk,n.厚塊
church,n.教堂
cigarette,n.香煙；煙捲
circle,n./v.循環；畫圓圈
circulate,v.循環；流通
circulation,n.循環；流通；貨幣
circumstance,n.情況；詳情
citizen,n.公民；市民
citizenship,n.公民身分(權利)
city,n.城市
civilian,n.平民；文職人員
civilization,n.文明
claim,n./v.要求；聲稱
clarify,v.澄清
clash,n./v.衝突；發出鏗鏘聲
class,n./v.階級；班級
classic,adj./n.經典的；名著
classical,adj.極好的；古典的
classification,n.分類
classroom,n.教室
clause,n.子句；條款
clean,adj./adv./v.乾淨的
cleaning,n.掃除
clear,adj./v.清楚的
clerk,n.店員
clever,adj.伶俐的；機敏的
click,v.使發出聲
client,n.客戶
cliff,n.懸崖
climate,n.氣候；風氣
climb,v.攀爬
clinic,n.診所
clip,v.修剪；夾住
clock,n.時鐘
close,adj./adv.接近的
closure,n.關閉
cloth,n.布料；衣料
clothes,n.衣服
clothing,n.衣服；覆蓋物
cloud,n./v.雲；遮蔽
club,n./v.俱樂部；募集
clue,n.線索
cluster,n.群
coach,n./v.教練員；公車
coal,n.煤礦；煤塊
coalition,n.聯合
coast,n.海岸；沿海地區
coat,n./v.外套；覆蓋
cocktail,n.雞尾酒
code,n./v.密碼；法典
coffee,n.咖啡
coin,n.硬幣
coincidence,n.巧合
collaborate,v.合作
collapse,v./n.崩塌
colleague,n.同事
collection,n.收藏品；收集
collector,n.收藏者
college,n.大學；學院
collision,n.衝突
colonial,adj.殖民地的
colony,n.殖民地
column,n.欄；圓柱
columnist,n.專欄作家
combination,n.聯合(體)
combine,v.結合
come,v.來到；甦醒
comedy,n.喜劇
comic,adj.滑稽的
command,n./v.命令；控制
commander,n.指揮者
comment,n./v.評論
commentary,n.評述
commentator,n.評論家
commerce,n商業；交易
commercial,adj./n.商業的
commission,n./v.佣金；委託
commit,v.犯(罪)；把…託交給…
commitment,n.承諾
committee,n.委員會
commodity,n.商品
common,adj./n.一般的
communicate,v.溝通
communication,n.溝通；訊息
communist,n./adj./n.共產主義的；共產主義者
community,n.社區；共同體
companion,n.夥伴；伴侶
company,n.公司；同伴
comparative,adj.相比而言的
compare,v.比較
comparison,n.比較；對照
compensate,v.賠償
compensation,n.補償
compete,v.競爭；比賽
competence,n.能力
competition,n.競賽；競爭
competitive,adj.競爭的
competitor,n.競爭者
compile,v.編纂
complain,v.抱怨
complaint,n.抱怨
complement,n.補足物
complete,adj./v.完全的；完成
complex,adj./n.複雜的；情結
complexity,n.錯綜複雜的事物
complicated,adj.複雜的
complication,n.糾葛
comply,v.依從
component,n.零件；成分
compose,v.作曲；組成
composer,n.作曲家；調停者
composition,n.作文；合成物
comprehensive,adj.廣泛的
compromise,v.妥協(方案)
compute,v.估算；推算
computer,n.電腦
conceal,v.隱藏
concede,v.讓與
conceive,v.認為；構想
concentrate,v.專心
concentration,n專心；集中
concern,n./v.關心；涉及
concert,n.演奏會；音樂會
concession,n.讓步
conclude,v.結束；斷定
conclusion,n.結論；推論
concrete,adj./n.具體的；混凝土
condition,n./v.情況；決定
confer,v.商議；授予
conference,n.會議
confess,v.坦承
confession,n.承認
confidence,n.信心；自信
confident,adj.有自信的
confine,v.限制；使侷限
confirm,v.詮實
conflict,n./v.衝突
confront,v.面臨；對抗
confrontation,n.對質；對抗
confuse,v.把…弄糊塗；攪亂
confused,adj困惑的
confusion,n.混亂；困惑
congratulate,v.恭喜
congressional,adj.國會的
connect,v.連結
connection,n.連接；關聯
conquer,v.戰勝
conscious,adj.神智清醒的
consciousness,n.意識；察覺
consecutive,adj.連續的
consensus,n.多數人的意見
consent,n./v.同意
consequence,n.結果；重要性
conservation,n.保護
conservative,adj.保守的
consider,v.認為；考慮
considerable,adj.值得考慮的
consideration,n.考慮；動機
consist,v.組成；存在於…
consistent,adj.一致的
consolidate,v.鞏固
conspiracy,n.陰謀
constant,adj.固定的
constitute,v.構成；制定
constitution,n.憲法；法規
constitutional,adj.憲法的
constraint,n.限制
construct,v.建造
construction,n.建造物；建設
consult,v.與…商量
consultant,n.顧問；諮詢者
consultation,n.協商會
consume,v.消耗；花費
consumer,n.消費者
consumption,n.消費
contact,n./v.接觸；聯繫
contain,v.包含
container,n.容器
contemplate,v.深思
contempt,v.輕視
contend,v.競爭；鬥爭
content,adj./v.滿足的
context,n.上下文
continent,n.大陸；大洲
continue,v.持續
continuous,adj.連續的
contract,n./v.契約
contractor,n.立約人
contradiction,n.矛盾
contrary,adj./n.相反的
contrast,n./v.對比
contribute,v.捐獻；貢獻
contribution,n.貢獻；捐獻
control,n./v.控制
controversial,adj.有爭議的
convenience,n.便利設施；方便
convenient,adj.便利的
convention,n.慣例；會議
conventional,adj.慣例的；協定上的
conversation,n.會話；談吐
convert,v.轉換
convey,v.運輸；傳遞
convict,v./n.證明有罪；囚犯
convince,v.說服
convincing,adj.令人信服的
cook,n./v.廚師；烹煮
cooker,n.炊具
cool,adj./v.涼爽的；使冷卻
cooperate,v.合作
cooperative,adj.合作的
coordination,n.協調
cop,n.警察
cope,v.競爭；妥善處理
copy,n./v.副本；拷貝
copyright,n.版權
corporation,n.公司
correct,adj./v.正確的；更正
correlation,n.關聯
correspond,v.符合；通信
correspondent,n./adj.通訊(記)者；一致的
corrupt,adj./v.腐敗的；敗壞
corruption,n.道德敗壞
cost,n./v.花費；付出
costly,adj.貴重的；代價高的
costume,n.服裝；戲服
cottage,n.農舍；小屋
cotton,n.棉
council,n.會議
counsellor,n.顧問
count,n./v.計算
counter,n.櫃檯；籌碼
counterpart,n.互相對應的人(物)
countless,adj.無數的
country,n.國家；鄉下
countryside,n.鄉村
county,n.郡；縣
couple,n.(一)對
courage,n.勇氣
course,n.課程；過程
court,n.法庭
courtesy,n.有禮的舉止
cousin,n.表(兄弟姊妹)
cover,n./v.封面；遮蓋
coverage,n.報導；某事所包含的範圍
cow,n.母牛
crack,n./v.爆烈聲；裂開
craft,n.工藝；太空船
crash,n./v.墜毀；撞擊
crawl,v.爬行；蠕動
crazy,adj.瘋狂的
cream,n.奶油；乳脂
create,v.創造
creation,n.創作；萬物
creative,adj. 有創造力的
creativity,n.創造力
creator,n.創作者
creature,n.生物
credibility,n.可信性
credible,adj.可信的
credit,n./v.信用；賒帳
creep,v.躡手躡腳地走
crew,n.(一群)工作人員
crime,n.罪行；犯罪活動
criminal,adj/n.犯罪的；罪犯
crisis,n.危機
critic,n.評論家
critical,adj.關鍵性的；批判的
criticism,n.評論
criticize,v.批評
crop,n.作物
cross,n./v.交叉；越過
crowd,n./v.人群；擠滿
crowded,adj.擁擠的
crown,n./v.王冠；為…加冕
crude,adj.未加工製造的
cruel,adj.殘酷的
cruise,n.乘船遊覽
crush,v./n.弄碎；壓碎
cry,v./n.哭；叫喊
crystal,adj./n.水晶的
cue,n.反芻的食物
cult,n.狂熱的崇拜
cultivate,v.耕作；培養
cultural,adj.文化的；教養的
culture,n.文化；教養
cup,nJv.杯子
cupboard,n.碗櫃
cure,n/v.治療；治癒
curiosity,n.好奇心
curious,adj.好奇的
currency,n.貨幣；流通
current,adj./n.目前的；潮流
curriculum,n.課程
curtain,n./v.簾；給…裝上簾子
curve,n./v曲線；使彎曲
custody,n.監管
custom,n.海關；習慣
customer,n.顧客
cut,n./v.切
cute,adj.可愛的
cycle,n./v.週期；循環
daily,adj./adv.每日的
dairy,n.乳品店
dam,n./v.水壩；築壩於…
damage,n./v.損害；毀壞
dance,n./v.舞蹈
dancer,n.舞者
danger,n.危險
dangerous,adj.危險的
dare,v.敢於…；膽敢
dark,adj./n.黑暗的
data,n.資料
date,n.棗；棗椰樹
daughter,n.女兒
dawn,n./v.黎明；破曉
day,n白天
dead,adj.死去的；無效的
deadline,n.截止期限
deal,n ./v.交易；處理
dear,adj./n./adv.親愛的
debate,n./v.爭論
debt,n.債
debut,n.初次登臺
december,n.十二月
decent,adj.得體的
decide,v.決定
decision,n.決定
decisive,adj.果斷的
deck,n.甲板
declaration,n.宣布；聲明
declare,v.宣告；聲明
decline,n./v.下降
decorate,v.裝飾
decoration,n.裝飾；裝溝
decrease,v./n.減少
deed,n.行為；功績
deem,v.視為
deep,adj./adv.深的
defeat,n./v.失敗；擊敗
defect,n.缺點
defend,v.防守；防衛
defensive,adj.防護的；保衛的
deficiency,n.短缺
deficit,n.赤字
define,v.解釋；給…下定義
definite,adj.明確的；肯定的
defy,v.違抗
degree,n.度數；學位；等級
delay,n./v.拖延
delegate,v.派…為代表
delegation,n.委任
deliberately,adv.故意地
delicate,adj.纖弱的；雅緻的
delicious,adj.美味可口的
delight,n./v.喻快
deliver,v.遞送
delivery,n.投遞；交貨
demand,n./v.請求；要求
democracy,n.民主
democratic,adj.民主的
demon,n.惡鬼
demonstrate,v.證明；展示；遊行
demonstration,n.驗證；示威運動
denial,n.否認
denounce,v.指責
dense,adj.密集的；稠密的
dentist,n.牙科醫師
deny,v.否定；否認
depart,v.分離；啟程
department,n部門；系
departure,n.分離；啟程
depend,v.依賴
dependent,adj.依賴性強的
depict,v.描繪
deploy,v./n.布署
deposit,n./v.存款；押金；放置
depression,n.沮喪
deprive,v.剝奪
depth,n.深度
descent,n.下降
describe,v.描述
description,n.描寫；說明?
desert,n.沙漠
deserve,v.應得
design,n./v.設計
designate,v.指定；任命
designer,n.設計師
desire,n./v.慾望
desk,n.書桌
desperate,adj.絕望的
despite,prep.儘管
destination,n.目的地
destroy,v.摧毀
destruction,n.破壞
destructive,adj.毀滅性的
detail,n./v.細節
detailed,adj.詳細的
detain,v.拘留；耽擱
deteriorate,v.惡化
determination,n.決心
determine,v.決定；堅決
device,n.裝置
devil,n.魔鬼
devise,v.策劃
devote,v.將…奉獻給
diagnose,v.診斷
diagnosis,n.診斷(法)
diagram,n.圖表(解)
dialogue,n.對話
diamond,n.鑽石
diary,n.日記
dictate,v.使聽寫；命令
dictator,n.獨裁者
dictionary,n.字典
die,v.死亡
diet,n.飲食；特種飲食
differ,v.不同於…
difference,n.差異
different,adj.不同的
differentiate,v.區分
difficult,adj.困難的
difficulty,n.困難
dig,v. 挖；掘
digital,adj./n.數字式的
dignity,n.尊嚴
dilemma,n.困境
dimension,n.尺寸；範圍
diminish,v.減少
dinner,n.晚餐
dip,v.浸；泡
diplomat,n.外交官
direct,adj./v.直接的；指向
direction,n.方向
director,n.主管；導演
directory,n.工商人名錄
dirt,n.污物；泥土
dirty,adj.污穢的
disability,n.無能
disadvantage,n.不利之條件
disappear,v.消失
disaster,n.災難
disastrous,adj.多災多難的
discard,v.摒棄
discipline,n.紀律
disclose,v.露出
disclosure,n.揭露
discount,n./v.折扣
discover,v.發現
discovery,n.發現
discretion,n.謹慎
discrimination,n.歧視；區別
discuss,v.討論
discussion,n.討論
disease,n.疾病
dish,n.碟；菜餚
dishonest,adj.不誠實的
dismiss,v.解散
disorder,n./v.使混亂；騷亂
displace,v.移開；取代
display,n./v.陳列
disposal,n.處理；配置
dispose,v.處理；配置
dispute,v./n.爭論
disrupt,v.擾亂
distance,n.距離
distant,adj.遙遠的
distinct,adj.有區別的
distinction,n.區別
distinguish,v.識別
distort,adj.歪曲
distract,v.使分心
distress,n.悲痛
distribute,v.分配
distribution,n.分配；配給物
district,n.區域
disturb,v.妨礙；打擾
disturbing,adj.紛亂的
dive,v./n. 跳水；潛水
diverse,adj.各種各樣的
diversity,n.多樣性
divide,v./n.劃分；分歧
divine,adj.神的；神聖的
division,n./v.分開；部門
divorce,n./v.離婚
doctor,n.醫生；博士
document,n./v.文件
documentary,n.記錄片
dog,n.狗
dollar,n.(美、加等國)元
domain,n.領域
domestic,adj.家庭的；國內的
dominant,adj.支配的
dominate,v.支配
donate,v.捐贈
donation,n.捐贈；捐贈物
donor,n.捐贈者
door,n.
dose,n．(藥物等的)一劑
dot,n./v.點；打點於
double,adj./adv./n./v.兩倍的；雙重地
doubt,v./n.懷疑；疑點
down,prep./adj./adv./n./v.在…下方；下面的
downstairs,adv./adj./n.樓下
downtown,adv./adj./n.在城市的商業區；鬧區
downwards,adv.向下的
dozen,n.一打；十二個
draft,n./v.草稿
drag,v.拖曳
drain,v./n.排水
drama,n.戲劇
dramatic,adj.戲劇性的
draw,v.畫；拖拉
drawing,n素描；製圖
dream,n./v.夢；做夢
dress,n./v.女裝；打扮
drift,v./n.漂流；漂浮物
drink,n./ v.飲料；喝
drive,n./v.車程；駕駛
drop,n./v.(一)滴；下降
drought,n.乾旱
drown,v.把…淹死；淹沒
drug,n./v.藥品；毒品
drum,n./v.鼓；打鼓
drunk,adj./n.喝酒醉的
dry,adj./v.乾燥的；使變乾
dual,adj./n.由兩部分構成的
due,adj.到期的
dull,adj.單調的；遲鈍的
dumb,adj.啞的；愚笨的
dump,v.傾倒
duration,n.持續
during,prep.在…期間
dust,n./v.灰塵；打掃
duty,n.義務；稅
dynamic,adj.動力的；動態的
each,adj./adv./pron.各個
eager,adj.熱切的
ear,n.耳朵；聽力
early,adj./adv.早的
earn,v.賺取；贏得
earnings,n.收入；工資
earth,n.陸地；地球
earthquake,n.地震
ease,n./v.容易；減輕
east,adj./adv./n.東方的
easy,adj./adv.容易的
eat,v.吃；喝
echo,n.回聲；回響
economic,adj.經濟上的
economics,n.經濟學
economist,n.經濟學者
economy,n.節約；經濟
edge,n./v.邊緣；使鋒利
edit,v.編輯
edition,n.發行數；版本
editorial,n.社論
educate,v.教育；教導
educated,adj.受過教育的
education,n.教育；教育學
educational,adj.有教育意義的
educator,n.教育工作者
effect,n.結果；作用；影響
effective,adj.有效的
effectively,adv.有效地
efficiency,n.效率
efficient,adj. 有效率的
effort,n.努力
egg,n.蛋；卵細胞
ego,n.自我
eight,adj./n八
eighteen,adj./n.十八
eighty,adj./n.八十
either,adj./pron.(兩者之中)任一的
elaborate,adj.精巧的；複雜的
elbow,n.肘部；扶手
elderly,adj.年長的
elect,v.選舉
election,n.選舉
electric,adj.電的
electricity,n.電；電流
electronic,adj.電子的
electronics,n電子學
elegant,adj.優雅的
element,n.元素
elementary,adj.基本的；初級的
elephant,n.象
elevate,v.使提高
eleven,n.十一
eligible,adj./n.有資格的
eliminate,v.消滅；排除
elite,n.精英
else,adv.其他；另外
elsewhere,adv.在別處
embark,v.裝船；從事
embassy,n.大使館
embody,v.包括
emerge,v.浮現；顯露
emergency,n.緊急情況
emission,n.散發
emotion,n.情感；激動
emotional,adj.感情上的
emphasis,n.強調
emphasize,v.強調
empire,n.帝國；王權
empirical,adj.憑經驗的
employee,n.雇員
employer,n.雇主
empty,adj./v.空的
enable,v.使能夠
encounter,v./n.遭遇；衝突
encouraging,adj.有激勵作用的
end,v./n.結束
endless,adj.無盡的
endorse,v.贊同
endure,v.忍受
enemy,n.敵人
energy,n.活力
engine,n.發動機；引擎
engineer,n.工程師
engineering,n.工程
enhance,v.增加
enjoyable,adj.有樂趣的
enormous,adj.巨大的
enough,adj./adv./n.足夠的
enrich,v.使富裕
ensue,v.接著發生
ensure,v.確保
enter,v.進入；參加
enthusiasm,n.熱心
enthusiastic,adj.有熱忱的
entire,adj.全部的
entry,n.進入
envelope,n.信封
environment,n.環境；圍繞
environmental,adj.環境的
equal,adj./n./v.相等的
equality,n.相等；平等；均等
equivalent,adj./n.相同的
era,n.年代
error,n.錯誤
escape,v./n.逃跑；逃避
essay,n.散文；論說文
essence,n.本質；精華
essential,adj.必要的；精華的
essentially,adv.基本上
estimate,n./v.估計；預計
ethic,n.倫理
ethnic,adj.種族的
evaluate,v.評估
evaluation,n.估算
even,(1) adv.甚至；連
evening,n.晚上
event,n.事件
ever,adv.永遠
every,adj.每個
evidence,n./v.證據；物證
evident,adj.明顯的
evil,adj./n.邪惡的
evoke,v.喚起
evolution,n.演化(論)
evolve,v.使逐漸發展
exact,adj.精確的
exaggerate,v.誇大
examine,v.檢查；調查
example,n.例子；樣品
excellence,n.傑出；優點
excellent,adj.傑出的；卓越的
except,prep.除了…之外
exception,n.例外
exceptional,adj.例外的；特殊的
exchange,v./n.交換；交易
exclusively,adv.專門地
excuse,n./v.藉口；原諒
executive,adj.執行的
exercise,n./v.運動；鍛鍊
exhibit,v./n.展示
exhibition,n.展示會
exile,n./v.放逐
exist,v.存在；生存
existence,n.存在
exit,n./v.出口
exotic,adj./n.異國風情的
expand,v.展開；擴大
expansion,n.擴展；膨脹
expect,v.期望
expectation,n.期望
expedition,n.探險(隊)
expensive,adj.昂貴的
experience,n./v.經驗
experiment,n./v.實驗
experimental,adj.實驗性質的
expert,adj./n.熟練的；專家
expertise,n.專業知識
expire,v.期滿
explain,v.解釋
explanation,n.解釋
explicit,adj.清楚的
explode,v.爆炸
exploration,n.研究
explore,v.探索
explosion,n.爆炸；劇變
explosive,adj./n.爆炸性的
export,v./n.出口
expose,v.使暴露於
exposure,n.暴露；陳列
express,v. 表達
expression,n.表情；表示
extend,v.延伸
extension,n.伸長；延期
extensive,adj.廣大的
extra,adj./adv./n.額外的
extract,v.拔出；摘錄
extraordinary,adj.異常的
extreme,adj./n.盡頭的；極限
eye,n./v.眼睛
face,n./v.面孔；面臨
facility,n.設備；能力
fact,n.事實
factor,n.因素；代理人
factory,n.工廠
faculty,n.官能；技能
fade,v.凋謝；枯萎
fail,v./n.失敗；不及格
failure,n.失敗
fair,(1) adj./adv.公平的
faith,n.信念；諾言
fake,adj./n./v.假的；偽造
fall,(1) v./n.落下
fame,n./v.聲譽
familiar,adj.熟悉的
family,n.家庭；家人
famous,adj.著名的
fan,n./v.扇子；煽動
fancy,adj./n./v.迷戀
fantastic,adj.想像中的
fantasy,n.空想；幻想
far,adj./adv.遙遠的
fare,n.車費；伙食
farm,n.農莊；農場
farmer,n.農人；農場經營者
fashion,n./v.時尚；風氣
fast,adj./adv.快速的
fasten,v.繫緊；集中注意力
fat,adj./n.肥胖的
fatal,adj.致命的
fate,n.命運
father,n.父親
fault,n./v.缺點；錯誤
fear,n./v.害怕
feather,n.羽毛；鳥類
feature,n./v.特徵
february,n.二月
fee,n.酬金；服務費
feed,v./n.餵食
feel,v./n.摸；感覺
fellow,adj./n.同伴的；伙伴
female,adj./n.女的；雌性的
fence,n./v.柵欄；防衛
festival,n.節日；歡樂
fever,n.發燒；狂熱
few,adj./n./pron.少數
fiction,n.小說；虛構的事
field,n.原野；欄位
fierce,adj.兇猛的；猛烈的
fifteen,adj./n.＋五
fifth,adj./n.第五(的)
fifty,adj./n.五十
fight,v./n.打鬥；爭吵
film,n./v.軟片；電影
final,adj.最後的
finance,n./v.財政
financial,adj.財政的；金融的
find,v./n. 尋找；得到
finger,n./v.手指；指出
finish,v./n.結束；完成
fire,(1)n./v.火；開火
firm,adj/adv./v.堅決的；使穩固
first,adj./n adv.第一的
fish,n./v.魚類；釣魚
fit,adj/n/v.適合的
five,adj/n.五
fix,v.修理；校準
flag,n./v.旗子
flame,n./v.火焰；燃燒
flash,n./v閃爍；燈光
flat,adj/adv.平坦的
flee,v.逃走；逃離
flesh,n.肉體
flexible,adj.有彈性的
float,v.飄浮；搖擺
flood,n./v.洪水；淹沒使氾濫
floor,n.地板
flour,n.麵粉
flow,n./v.漲潮；流動
flower,n./v.花朵；開花
focus,n./v.焦點；集中
fold,n./v.摺疊；交疊
folk,n.(某一民族或社會階層中的)廣大成員
follow,v.跟隨
following,adj./n.接著的
fond,adj. 喜歡的；愛好的
food,n.食物
fool,(1) n.傻瓜
foot,n.腳；足
forbid,v.禁止；阻止
force,n./v.強迫；力量
forecast,n./v.預測；預言
foreign,adj.外國的；陌生的
foreigner,n.外國人
forest,n.森林
forever,adv.永遠
forge,v.打(鐵等)
forget,v.忘記
forgive,v.原諒
fork,n./v.叉子；分岔
form,n./v.形狀；構成
formal,adj.正式的
formation,n.形成；組成
former,adj.先前的；從前的
formula,n.配方；客套話；準則
forth,adv.向前
fortunate,adj.幸運的
fortune,n.財產；好運
forty,adj./n.四十
forward,adj./v.向前；今後
found,v.創立
foundation,n.建立；基金會
founder,n.創立者；締造者
four,adj./n.四
fourteen,adj./n.十四
fragment,n.碎片；未完成的部分
frame,n./v.架構
free,adj.自由的
freedom,n.自由；獨立自主
freeze,v.冰凍
frequency,n.頻率；頻緊
frequent,adj.頻繁的
fresh,adj.新鮮的
friday,n.星期五
friend,n.朋友
friendly,adj.友善的
friendship,n.友誼
frighten,v.使害怕
frog,n.青蛙
from,prep.始於；出自
front,adj./n.前面(的)
fruit,n.水果；成果
fry,v.油炸
fuel,n./v.燃料；加燃料
full,adj.滿的；完全的
fun,n.娛樂；玩笑
function,n./v.功能；運行
functional,adj.起作用的
fund,n./v.資金
fundamental,adj.基礎的
funeral,n.葬儀
funny,adj.有趣的
fur,n.毛皮
furious,adj.狂怒的；猛烈的
furniture,n.傢俱
further,adj./adv./v.進一步的
furthermore,adv.此外
future,n./adj.未來；前途
hostile,adj.敵人的
hostility,n.敵意
hot,adj.熱的；熱情的
hotel,n.旅館；飯店
house,n./v.住宅
household,adj./n.家庭的
housing,n.住房建築
how,adv.如何；多少
however,adv./conj.然而
huge,adj龐大的
human,adj./n.人類的
humanity,n.人性；人文學科
humble,adj.謙恭的
humorous,adj.幽默的
hundred,adj./n.一百
hunger,n.飢餓
hungry,adj.飢餓的；渴求的
hunt,v./n.追捕；打獵
hurricane,n.颶風；暴風雨
hurry,n./v.急忙
hurt,n./v.受傷
husband,n.丈夫
hypothesis,n.假設
gain,n./v.獲得；獲利
gallery,n.畫廊；美術館
gallon,n.加侖
game,n.遊戲；競賽
gang,n.惡少幫；阿飛黨
gap,n.缺口；峽谷；隔閡
garage,n.車庫
garden,n./v.花園；從事園藝
gas,n./v.氣體；瓦斯
gate,n.大門；柵門
gather,v.收集；聚集
gaze,v.凝視；注視
gear,n./v.齒輪；搭上齒輪
gender,n.性別
gene,n.基因；遺傳因子
general,adj.一般的；普遍的
generate,v.產生；引起
generation,n.世代；產生
generous,adj.慷慨的
genius,n.天賦；天才
gentle,adj.有教養的
gentleman,n.紳士
genuine,adj.真誠的
geography,n.地理學；地形
gesture,n./v.做手勢；手勢
get,v.獲得；到達
ghost,n.鬼；幽靈
giant,adj./n.巨人；巨大的
gift,n.禮品；天賦
girl,n.少女
give,v.給；送給
glad,adj.高興的
glance,v.一瞥；掃視
glass,n.玻璃；玻璃杯
glimpse,v./n.看一眼；瞥見
global,adj.全球的
globe,n.地球；球狀物
glorious,adj.光榮的；輝煌的
glory,n./v.光榮；驕傲
go,v.去；從事
goal,n.目標
god,n.上帝；造物主
gold,n./adj.黃金(色)
golden,adj.金色的；貴重的
golf,n./v.高爾夫球
good,adj./n.好的；利益
goodbye,interj./n.再見
goodness,n.善良
goods,n.貨物
gorgeous,adj.華麗的
govern,v.統治；治理
government,n.政府；政體
governor,n.州長；主管
grab,v./n.抓取；奪取
grace,n./v.優雅
grade,n./v.級別；評分
graduate,v./n.畢業；大學畢業生
grain,n.穀粒；穀物
grand,adj.雄偉的；重大的
grasp,v./n.緊握；理解
grass,n.青草；草地
grateful,adj.感謝的
grave,adj.重大的；嚴肅的
gravity,n.重力；萬有引力
great,adj.重大的
green,adj./n.綠色的
greenhouse,n.溫室
greet,v.問候
grief,n.悲傷；不幸
grin,v./n.露齒而笑
grind,v.磨；碾；壓
grocery,n.食品雜貨店
ground,n.地面
group,n./v.群；團體；聚集
grow,v.發育；種植
growth,n.生長；發育
guarantee,n./v.保證；擔保品
guard,n./v.保衛；守衛
guess,v./n.猜測
guest,n.客人
guidance,n.引導
guideline,n.指導方針
guilt,n.犯罪
guilty,adj.有罪的；內疚的
guitar,n.吉他
gun,n.槍；砲
guy,n.傢伙；朋友
habit,n.習慣
hail,v.歡迎
hair,n.毛髮；頭髮
half,adj./adv./n.二分之一的
hall,n.大廳；走廊
halt,v./n.停止；暫停
hand,n./v.手；交給
handful,n.一把
handle,(1) n.柄；把手
handy,adj.手邊的；巫巧的
hang,v.懸掛；吊死
happen,v.發生
happily,ad v.快樂的
happiness,n.快樂
happy,adj.快樂的
harassment,n.煩惱
hard,adj./adv.硬的；艱難的
hardly,ad v.幾乎不
hardware,n.五金器具；硬體
harm,n./v.損害；傷害
harmful,adj.有害的
harmony,n.協調
harsh,adj.粗糙的；殘酷的
harvest,n./v.收穫
hat,n.帽子
hate,v./n.憎恨
hatred,n.憎恨；敵意
head,n.頭
headache,n.頭痛
headline,n.(報紙的)標題
headquarters,n.總部
heal,v.治癒
health,n.健康
healthy,adj.健康的
hear,v.聽見
heart,n.心臟；中心
heat,n./v.熱度；加熱
heaven,n.天國；極樂之地
heavy,adj.沉重的
heel,n.腳後跟
height,n.高度
heighten,v.增高
helicopter,n.直昇機
helmet,n.頭盔；安全帽
help,n./v.幫助
helpful,adj.有幫助的
here,n./adv.這裡；在這裡
hierarchy,n.階級組織
hint,n./v.暗示
hip,n.臀部
hire,v./n.租借；雇用
historian,n.歷史學家
historic,adj.歷史上著名的
historical,adj.歷史的’
history,n.歷史
hit,v./n.打中；打擊
hobby,n.嗜好
hockey,n.曲棍球
hold,v./n.抓住；支撐
hole,n.孔；漏洞
holiday,n.假日
holy,adj.神聖的
home,n./adv.住家；家庭
homeland,n.祖國；家夠卜
homeless,adj.無家可歸的
homework,n.家庭作業
honest,adj.誠實的
honesty,n.誠實
hook,n.勾子；陷阱
hope,v./n.希望
hopeful,adj.充滿希望的
horizon,n.地平線；眼界
horrible,adj.可怕的
horror,n.恐怖
horse,n.馬
hospital,n.醫院
host,n./v.主人
hostage,n.人質
ice,n.冰
idea,n.主意；觀念
ideal,adj./n.理想(的)
identical,adj.同一的
identification,n.識別；身分證明
identify,v. 鑑定；識別
identity,n.身分；同一性
ideological,adj.意識形態的
ideology,n.意識形態
idiot,n.白癡
if,conj. 如果
ignorance,n.無知
ignore,v.不顧；忽視
ill,adj./adv.生病的
illegal,adj.違法的
illness,n.患病；身體不適
illustrate,v.圖解；說明?
illustration,n.圖解；說明?
image,n.影像；形像
imaginary,adj.想像中的
imagination,n.想像力；創造力
imagine,v.想像
immediate,adj.立刻的
immense,adj.極大的
immigrant,n.移民
immigration,n.移居
imminent,adj.逼近的
immune,adj.免除的
impact,n./v.衝擊；產生影響
impatient,adj.不耐煩的
implement,v.實現
imply,v.暗示
import,n./v.進口
importance,n.重要性
important,adj.重要的
impress,v.使銘記
impression,n.印象
impressive,adj.令人印象深刻的
imprison,v.監禁
inability,n.無能力
inappropriate,adj.不適當的
incentive,n./adj.刺激
inch,n./v.英吋
incident,n.事件；插曲
include,v.包括
including,prep.包含·在內
income,n.收入
increase,n./v.增加
incredible,adj.驚奇的
incur,v.招致
indeed,adv.的確
independence,n.獨立
independent,adj.獨立的
indicate,v.指示；象徵
indicator,n.指示者
indirect,adj.非直接的
individual,adj./n.個別的；個人
indoor,adj.室內的
indoors,adv.在室內
indulge,v.使滿足
industrial,adj.工業的
industry,n.工業
inevitable,adj.無可避免的
infant,n.嬰兒
infer,v.推斷
inflation,n.通貨膨脹
inflict,v.予以(打擊等)
influence,n./v.影響力；作用
influential,adj.有影響的
inform,v.通知
informal,adj.非正式的
information,n.資訊
ingredient,n.組成部分
inhabitant,n.居民
inherit,v.繼承
initial,(1) adj.最初的
initially,adv.在起初
initiate,v.開始；使入會
inject,v.注射
injure,v.傷害
injury,n.傷害
injustice,n.不公正
ink,n./v.墨水；塗墨水於…
inner,adj.內在的
innocent,adj.清白的；無知的
innovation,n.革新；創新
input,n./v.輸入
insect,n.昆蟲
insert,v.插入
inside,prep./adj./adv./n.在…的裡面；內部的
insist,v.堅持
inspect,v.檢查
inspection,n.檢查
inspiration,n.靈感
inspire,v.鼓舞
installation,n.安置
instance,n.例子
instant,adj.立刻的
instantly,adv.立即
instead,adv.反而
instinct,n.本能；直覺
institutional,adj.制度(上)的
instruct,v.指導
instruction,n.教導；指示
instructor,n.指導者；教練
instrument,n.儀器；樂器
insult,n./v.羞辱
insurance,n.保險
intact,adj.未觸動的
integral,adj.構成整體所需要的
integrity,n.廉正
intelligence,n.智慧；情報工作
intelligent,adj.聰明的
intend,v.打算
intense,adj.強烈的
intensify,v.強化
intensity,n.強烈；強度
intensive,adj.加強的
intent,n.目的
intention,n.意圖；目的
interact,v.互動
interaction,n.互動
interest,n./v.利益；興趣
interesting,adj.有趣的
interfere,v.妨礙；干預
interference,n.阻礙；干預
interior,n./adj.內部(的)
intermediate,adj.中問的
internal,adj.內部的
international,adj.國際的
internet,n.網際網路
interpret,v.解釋；翻譯
interpretation,n.解釋；翻譯
interrupt,v.打斷
interview,n./v.會見；面試
intimate,adj.親密的；熟悉的
intriguing,adj. 有趣的；有魅力的
introduce,v.介紹；提出
introduction,n.介紹；引言
invade,v.侵略；侵犯
invasion,n.入侵
invent,v.發明；創造
invention,n.發明；創造力
investigate,v.調查；研究
investigation,n.調查；研究
investigator,n.調查者
investor,n.投資者
invisible,adj.看不見的
invitation,n.邀請
invite,v.邀請
invoke,v.祈求幫助或保護
iron,n./adj.鐵；熨斗
ironic,adj.諷剌的
irony,n.反語
irrelevant,adj.不切題的
island,n.島
isolate,v.使孤立
isolated,adj.孤立的
isolation,n.隔離
item,n.項目
jacket,n.夾克
jail,n./v.拘留所
jam,n.果醬；堵塞
january,n.一月
jazz,n.爵士樂
jeans,n.牛仔褲
jet,n.噴射機
job,n.工作
join,v.參加
joke,n./v.玩笑
journal,n.雜誌；期刊
journalism,n.新聞業
journalist,n.新聞記者
journey,n.旅行
joy,n.歡樂
judicial,adj.法庭的
juice,n.果汁
july,n.七月
jump,n./v.跳躍
junction,n.連接
june,n.六月
junior,n./adj.較年少者
just,adj.公平的
justice,n.公平；正義
justification,n.理由
keen,adj.熱衷的
keep,v.保存
key,adj.關鍵的
keyboard,n.鍵盤
kick,v.踢；反衝
kid,n.小孩
kidnap,v.綁架
kidney,n.腎
kill,v.殺死；使終止
kind,adj.親切的
king,n.國王
kingdom,n.王國；王權
kiss,n./v.吻
kit,n.所有的裝備
kitchen,n.廚房
knee,n.膝蓋
knife,n.刀
knock,n./v.敲；打
know,v.知道
knowledge,n.知識
lab,n.實驗室
label,n./v.標籤
lack,v./n.缺少
lad,n.少年
ladder,n.梯子
lady,n.女士
lake,n.湖
lamp,n.燈
land,n.土地
landing,n.登陸
landlord,n.地主
landmark,n.陸標
lane,n.小路；巷弄
language,n.語言
lap,n.膝部
large,adj.大的
largely,adv.大部分
laser,n.雷射
last,adj./adv./n./pron. 最後的；最近的
late,adj./adv.遲的；晚的
lately,adv.最近
latest,adj.最近；最遲
latter,adj./n.後面的；後半的
laugh,n./v.笑
laughter,n.笑
launch,v./n.發射；投擲
law,n.法律
lawn,n.草坪
lawsuit,n.訴訟
lawyer,n.律師
lay,v.放；安排；下蛋
lazy,adj.懶散的
lead,v.領導
leader,n.領袖
leadership,n.指揮；統率力
leaf,n.葉子；一張或一頁
leak,v.漏
lean,v.傾斜；倚靠
leap,n./v.跳躍；舞
learn,v.學習
leather,n.皮革
leave,n./v.休假；許可；離開
lecture,n./v.授課
leg,n.腿
legacy,n.遺產
legal,adj.法律上的；合法的
legend,n.傳說
leisure,adj./n.空閒的
lemon,n.檸檬
lend,v.把…借給
length,n.長度；期間
lengthy,adj.冗長的
lens,n.鏡片；眼球的水晶體
lesbian,n.女同性戀者
less,adj./adv.較少的/地
lesser,adj./adv.較小的
lesson,n.功課；課程
let,v.允許；讓
letter,n.信；字母
level,n.高度；層；水準
liberal,adj.心胸寬闊的
liberation,n.解放
liberty,n.自由
library,n.圖書館
license,n./v.許可；執照
lie,n./v.躺臥
life,n.生命
lifelong,adj.終生的
lifetime,n.一生
lift,n./v.舉起
light,adj./n./v.明亮的
like,prep.像；和·一樣
likelihood,n.可能性
likely,adj.很可能的
likewise,adv.同樣的
limb,n.肢；臂
limit,n./v.限制
limitation,n.限制
limited,adj.被限制的
line,n./v.線條；畫線於
linger,v.逗留
link,n./v.連結；環結
lion,n.獅子
lip,n.嘴唇
liquid,n.液體
list,n./v.表；把…編列成表
listen,v.聽；聽從
listener,n.聽眾
literacy,n.識字；讀寫能力
literary,adj.文學的
literature,n.文學
litter,n.雜物；垃圾
little,adj.小的
live,adj.活的
lively,adj.有生氣的
liver,n.肝臟；居住者
living,adj.活著的
load,n./v.裝載；負擔
loan,n./v.借出
lobby,n.門廊；休息室
local,adj.地方性的
locate,v.使…座落於
location,n.選定路線
lock,n./v.鎖
log,n.原木
logic,n.邏輯
logical,adj.邏輯的
logo,n.(=logotype)標識；商標
lonely,adj.寂寞的
long,v.渴望
look,n./v.看
loom,v.隱約的或威脅性的出現
loop,n.環形花狀
loose,adj.鬆散的
lord,n.統治者
lorry,n.載貨卡車
lose,v.丟失
loss,n.喪失；遺失
lot,n.很多
lottery,n.獎券；彩票
loud,adj.大聲的
love,v./n.愛；喜歡
lovely,adj.可愛的
low,adj.低的
lower,adj./v.較低的；降下
loyal,adj.忠誠的
loyalty,n.忠誠
luck,n.運氣
lucky,adj.幸運的
lunch,n.午餐
lung,n.肺
luxury,n.奢侈
lyric,n.抒情詩
machine,n.機器
machinery,n.機械裝置
mad,adj發瘋的；狂熱的
magazine,n.雜誌；期刊
magic,adj./n.有魔力的；魔法
magical,adj.魔法的
magnetic,adj.磁鐵的；帶磁性的
magnificent,adj.壯麗的
mail,n./v.郵件；郵寄
main,adj.主要的
mainland,n.大陸
mainstream,n.主流
maintain,v.保持
major,adj./n./v.主要的；主修
majority,n.多數
make,v.做；到達；獲得
male,adj./n.男性的；雄的
mall,n.大規模購物中心
man,n.男人
manager,n.經理；管理人
manipulate,v.操縱
manner,n.方法；態度
manufacture,n./v.製造業；製造
manuscript,n.草稿；手稿
many,adj./pron. 許多
map,n./v.地圖
marathon,n.馬拉松賽跑
march,n.三月
margin,n.邊綠
marginal,adj.空白處的；邊際的
mark,n./v.痕跡；記號
market,n./v.市場
marriage,n.結婚
married,adj.已婚的
marry,v.娶；嫁
martial,adj.軍事的
mask,n./v.面具
mass,n.大量
massacre,n.大屠殺
master,n.主人；雇主
match,n./v.比賽；競賽
mate,n.同伴
material,n.材料
mathematical,adj.數學的
matter,n.事情；問題
mature,adj.成熟的
maximum,n.最大限度
may,n.五月
maybe,adv.可能
mayor,n.市長；鎮長
meal,n.一餐
mean,adj.吝嗇的
meaning,n.意義；重要性
meaningful,adj.意味深長的
means,n.手段；方法
meanwhile,adv.其問；同時
meat,n.(食用的)肉
mechanical,adj.機械的
medal,n.獎章；紀念章
media,n.媒體
medical,adj.醫學的
medication,n.藥物治療
medicine,n.藥；醫學
medieval,adj.中古的；中世紀的
meditation,n.沉思；冥想
medium,n.中間；媒介
meet,v.遇見
meeting,n.會議
melody,n.旋律
melt,v.融化
member,n.成員
membership,n.會員(資格)
memo,n.備忘錄
memorable,adj.值得紀念的
memorial,adj./n.紀念的；紀念品
mental,adj.精神的
mention,n./v.提及
mentor,n.導師
menu,n.菜單；項目單
merchant,n.商人
mercy,n.慈悲
mere,adj.僅僅的
merit,n.價值；長處
mess,n.紊亂
message,n.消息
metal,n.金屬
metaphor,n.
method,n.方法
middle,adj./n.中問的；中部
midnight,n.午夜
migration,n.遷移
mild,adj.溫和的；順口的
militant,adj.好戰的
military,adj./n.軍事的；軍隊
milk,n./v.牛奶
mill,n./v.磨坊；碾碎
million,n.百萬
mind,n./v.頭腦；注意；留意
mine,n.礦；礦山
miner,n.礦工
minimal,adj.最低程度的
minimum,n.最低限度；極小
minister,n.部長；外交使節
ministry,n.牧師之職；內閣
minor,adj./n.較小的；次要的
minority,n.少數
minute,n.分鐘
miracle,n.奇蹟
mirror,n./v.鏡子；反映
miserable,adj.不幸的
misery,n.不幸；悲慘
miss,v.錯過；想念
missile,n.飛彈
missing,adj.行蹤不明的
mission,n.使節團；使命
mistake,n.錯誤；過失
mix,v.混和
mixture,n.混合物
mob,n.烏合之眾；無秩序的民眾
mobile,adj./n易；汽車
model,n.模型；模範
moderate,adj.中等的
modest,adj.謙虛的
moment,n.片刻
momentum,n.動量；動向
monday,n.星期一
money,n.錢
monitor,n./v.監視器；監控
monk,n.僧侶；修道士
monkey,n.猴子
monopoly,n.壟斷；專利
monster,n.怪物
month,n.月
monthly,adj.每月一次的
monument,n.紀念碑；紀念館
mood,n.情緒
moon,n.月亮
moral,adj.道德上的
more,adj./adv.更多的
moreover,adv.並且；此外
morning,n.早晨
most,adj./adv.最大程度地
mostly,adv.大部分
motion,n.運動；動機
motivate,v.給與動機
motivation,n.動機
motor,n.馬達；原動力
motorcycle,n.機車
mountain,n.山
mouse,n.鼠；滑鼠
mouth,n.嘴；口
movie,n.電影
much,adj./adv./n.許多的
mud,n.泥
multiple,adj.多重的
murder,n./v.謀殺
muscle,n.肌肉
museum,n.博物館
music,n.音樂
musical,adj./n.音樂的
musician,n.音樂家
mutual,adj.相互的
mysterious,adj.神祕的
mystery,n.神祕的事物
nail,n./v.釘子；指甲
naked,adj. 裸體的
name,n./v.名字
narrative,n.故事
narrow,adj./v.狹窄的；限制
nation,n.國家；民族
national,adj.國家的
native,adj./n.本國的
natural,adj.自然的
naturally,adv.自然地
nature,n.自然
nearby,adj./adv.附近的
nearly,adv.幾乎
neat,adj.整潔的
necessary,adj.必需的
necessity,n.必需；必需品
neck,n.頸；脖子
need,v./n.需要
needle,n.針
negative,adj./n.否定的
neglect,v.忽視
negotiate,v.談判
neither,adj./adv./pron./conj. 兩者都不
nerve,n.神經
nervous,adj.緊張的
nest,n./v.築巢
net,n./v.網；用網捕
never,adv.永不
nevertheless,adv.仍然；不過
new,adj.新的
news,n.新聞
newspaper,n.報紙
nice,adj.好的
night,n.夜
nightmare,n.惡夢
nine,adj./n.九個
nineteen,adj./n.十九
ninety,adj./n.九十
noble,adj.高貴的；貴族的
nod,n./v.點頭；打瞌睡
noise,n.噪音
noisy,adj.吵鬧的
nominate,v.提名某人；指派
nomination,n.提名；任命
nominee,n.被提名人
none,pron./adv.一點兒也沒
nonetheless,adv./conj.但是；仍然
nonsense,n.胡說
noon,n.中午
nor,conj.也不
normal,adj.正常的
north,adj./adv/n.北方
northern,adj.北方的
nose,n.鼻；嗅覺
notable,adj.顯著的
notably,adv.顯著地；尤其
note,n./v.筆記；注意
notice,n/v.公告；注意；通知
notify,v.通知
notorious,adj.惡名昭彰的
novel,adj.新奇的
novelist,n.小說家
november,n.＋一月
now,nJadv.現在
nowadays,adj.現在；今日
nuclear,adj.核子的
number,n./v.數字；給…號碼
numerous,adj.許多的
nurse,n.護士
nursery,n.育嬰室
nut,n.堅果；瘋子
nutrition,n.營養；營養學
obey,v.服從；聽從
object,n.物體；目標
objection,n.反對
objective,adj.客觀的
observation,n.觀察
observe,v.觀察
obsession,n.成見；頑念
obstacle,n.障礙
obtain,v.得到
obvious,adj.明顯的
obviously,adv.明顯地
occasion,n.場合
occasional,adj.偶爾的
occupation,n.職業；占用
occupy,v.占領
occur,v.發生
ocean,n.海洋
october,n.十月
odd,adj.奇特的；奇數的
odds,n.可能的機會
offend,v.冒犯；觸怒
offensive,adj.使人不愉快
offer,n/v.提議；提供
office,n.辦公室
officer,n.軍官；官員
official,adj./n.官方的；官員
offspring,n.後代；後裔
often,adv.時常
oil,n.油；石油
old,adj.老的；舊的
once,prep./adv./conj./n. 曾經；一旦
one,adj./n.一
operational,adj.操作的；管理的
opponent,n.對手
optical,adj.視覺的
optimism,n.樂觀；樂天
optimistic,adj.樂觀的；有信心的
option,n.選擇權；選擇力
organization,n.組織；團體
organize,v.組織
origin,n.起源；由來
original,adj./n.最初的；原著
other,adj./n./prop. 另一個的；另一方
otherwise,adv.除此之外
out,prep/adv.在外
outbreak,v.爆發；發生
outcome,n.結果
outdoor,adj.戶外的
outdoors,adv.在戶外
outfit,n.裝備；用具
outing,n.遠足
outlet,n.出口；出路
outline,n./v.輪廓；綱要
outrage,n.暴行
outside,prep./adj./adv./n. 在外面；外部的
outstanding,adj.傑出的
oven,n.烤箱
over,prep./adv.在…之上
overcome,v.克服
overlook,v.俯視
overnight,ad v.在昨夜
overseas,adj./ad v.來自海外的
overturn,v.使傾覆；推翻
overwhelm,v.壓倒；淹沒
owe,v.虧欠
own,adj./v.自己的
owner,n.持有者
ownership,n.所有權
oxygen,n.氧
pace,n./v.步；踱步
pack,n./v.包裹；捆
package,n./v.包；包裝
page,n.頁
pain,n.疼痛
painful,adj.痛苦的
paint,n./v.油漆；顏料
painter,n.畫家
painting,n.圖畫
pair,n.一對
palace,n.宮殿
pale,adj.臉色蒼白的
palm,n.棕櫚；椰子
pan,n.平底鍋
panel,n.板
panic,n./v.恐慌
pants,n.褲子
paper,n.紙
parade,n.遊行
paragraph,n.段落
parent,n.父母
park,n.公園
parking,n.停車
part,n.一部分
partial,adj.局部的
partially,adv.部分地
participant,n.參與者；分享者
participate,v.參與
particular,adj.獨特的
partner,n.伙伴
partnership,n.合夥
part-time,adj./adv.兼任的
party,n.派對
pass,n./v.通行許可；經過
passage,n.通行
passenger,n.乘客
passion,n.熱情
passionate,adj.熱情的
passive,adj.被動的
passport,n.護照
past,adj./prep.過去的
path,n.小徑
patience,n.耐心
patient,adj.有耐心的
patron,n.贊助人
pattern,n.樣式
pause,n./v.暫停
peace,n.和平
peaceful,adj.和平的
peak,n.山頂
peasant,n.佃農
peculiar,adj.奇怪的
peer,n.同輩
pen,n.筆
penalty,n.處罰
pencil,n.鉛筆
penny,n.一分錢
pension,n.養老金
people,n.人們
pepper,n.胡椒粉
per,prep.每
percentage,n.百分比
perfect,adj.完美的
perform,v.執行；演出
performance,n.成就；表演
perhaps,adv.也許
period,n.一段時問
permanent,adj.長久的
permission,n.准許
permit,n./v.許可
persist,v.堅持
persistent,adj.堅持的
person,n.人
personal,adj.個人的
personality,n.個性
perspective,n.透視(畫)法
persuade,v.說服
pet,n./v.寵物；愛撫
petition,n.請願(書)
phenomenon,n.現象
philosopher,n.哲學家
philosophical,adj.哲學的
philosophy,n.哲學
phone,n./v.電話
photographer,n.攝影者
photography,n.攝影術
phrase,n./v.片語；用語言表示
physical,adj.身體的
physics,n.物理學
piano,n.鋼琴
pick,n./v.十字鎬；挑選
picture,n./v.圖畫；想像
piece,n./v.破片；拼合
pig,n.豬
pile,n./v.堆；疊
pill,n.藥丸
pilot,n./v.飛行員；駕駛
pink,adj./n.粉紅色的
pioneer,n./v.拓荒者；開拓
pipe,n./v.管；用管道輸送
pipeline,n.管線
pirate,n.海盜
pit,n.坑；煤礦
pitch,n.瀝青
pity,n.可惜
place,n./v.地方；放置
plain,adj.簡單的
plan,n./v.計劃
plane,n.飛機
planet,n.行星
planning,n.計畫
plant,n./v.植物；種植
plastic,adj./n.塑膠
plate,n.盤；碟
platform,n.月臺
play,n./v.玩耍；玩
plea,n.懇求
pleasant,adj.令人愉快的
please,v.(使)高興
pleased,adj.高興的
pleasure,n.愉快
pledge,v.發誓；保證
plenty,n.大量
plot,n./v.情節；圖謀
plug,n.塞子
plus,prep./n./adj.加
pocket,n.口袋
poem,n.詩
poet,n.詩人
poetry,n.詩
point,n./v.尖端；持向
poison,n./v.毒藥
poisonous,adj.有毒的
pole,n.南極或北極
police,n.警察
policeman,n.警察
policy,n.政策
polite,adj.有禮貌的
political,adj.政府的
politician,n.政治家
politics,n.政治活動
poll,n.民意調查
pollution,n.污染
pond,n.池塘
pool,n.水塘
poor,adj.貧窮的
pop,n./v.砰然(聲)
popular,adj.流行的
popularity,n.流行
population,n.人口
port,n.港
portfolio,n.文件夾；投資組合
portion,n.一部分
portrait,n.肖畫像
portray,v.描繪
pose,n./v.姿勢
position,n.位置
positive,adj.確信的；積極的
possess,v.擁有
possibility,n.可能性
possible,adj.可能的
post,n.位置；郵局
poster,n.海報
postpone,v.延期
post-war,adj.戰後的
pot,n.罐；壺；盒
potato,n.馬鈴薯
potential,adj./n.潛在的；僭能
pound,n.磅
pour,v.灌 v.注 v.倒
poverty,n.貧窮
powder,n.粉末
power,n.權力
powerful,adj.強健的
practical,adj.實踐的
practice,n./v.練習；實踐
practitioner,n.開業者
praise,n./v.讚美；稱讚
pray,v.祈禱
prayer,n.祈禱
precedent,n.慣例
precious,adj.珍貴的
precise,adj.精確的
predecessor,n.前輩
predict,v.預言
prediction,n.預言
prefer,v.寧願選擇
preference,n.偏愛
pregnant,adj.懷孕的
prejudice,n.成見
preliminary,adj./n.初步的；初步行動
premier,n.首相
premise,n.前提
premium,n.保險費
preparation,n.準備
prepare,v.準備
prescribe,v.開(樂方)
prescription,n.藥方
presence,n.出席
present,(1) adj.出席的
presentation,n.表演
presently,adv.不久
preservation,n.保持
preserve,v.保存
preside,v.主持
presidency,n.總統(校長)的職位
president,n.總統；校長
presidential,adj.總統(校長)的
press,(2) v.按
pressure,n.壓；按
pretend,v.假裝
pretty,(1) adj.漂亮的
prevent,v.預防
previous,adj.以前的
price,n./v.價格
pride,n./v.自豪
primary,adj.主要的
prime,adj.首先的
prince,n.王子
princess,n.公主
principal,(1) adj.主要的
principle,n.原則
print,v./n.印刷；字體
printer,n.印刷業從業人員
priority,n.居先；優先(權)
prison,n.監獄
privacy,n.獨處(狀況)
private,adj.個人的
privilege,n.特權
prize,n./v.獎品；珍視
probable,adj.很可能的
probe,v.探查
problem,n.問題
procedure,n.程序
proceed,v.繼續進行
proceeding,n.措施
process,n./v.過程；加工
processing,n.過程
produce,v.生產
product,n.產品
production,n.生產；產量；產品
productive,adj.多產的
productivity,n.生產力
profession,n.職業
professional,adj./n.專業的
professor,n.教授
profile,n.側面像；輪廓
profit,n./v.利益；有益於
profitable,adj.有益的
program,n./v.程序；編製程序
progress,n./v.前進
progressive,adj.不斷前進的
prohibit,v.禁止
project,(1) n.項目
projection,n.凸出物；設計；投影
prominent,adj.突起的
promise,n./v.諾言；許諾
promising,adj.大有希望的
promote,v.提升
promotion,n.晉級
prompt,adj.促使
pronounce,v.發音
proof,n.證據
proper,adj.適合的
property,n.財產
proposal,n.計劃；建議
propose,v.提議
prosecution,n.(被)起訴
prospect,n.期望
prosperity,n.發達
protect,v.保護
protective,adj.保護的
protein,n.蛋白質
protest,n./v.抗議
proud,adj.白尊的
prove,v.證明
provide,v.提供
provincial,adj.省的
provoke,v.激怒
psychological,adj.心理(上)的
psychologist,n.心理學家
psychology,n.心理學
pub,n.小酒館
public,adj./n.公眾的；大眾
publication,n.公布
publicity,n.眾人皆知
publish,v.出版
pull,v.拖；拉
pulse,n.脈搏
pump,n.泵
pupil,n.小學生
purchase,n./v.購買
pure,adj.純淨的
purely,adv.完全地
purple,adj./n.紫色的
purpose,n.意圖
pursue,v.追捕
pursuit,n.追趕
put,v.安置
puzzle,n./v.難題；困惑
qualify,v.使具有資格
quality,n.質量
quantity,n.數量
quarter,n.四分之一
queen,n.王后
quest,n.探索
question,n./v.問題；詢問
questionnaire,n.問卷
queue,n./v.行列；排隊
quick,adj./adv.快速的/地
quiet,adj./v.安靜的；使安靜
quit,v.停止
quite,adv.完全；非常
quotation,n.引語
quote,v.引用
race,n.比賽
racial,adj.種族的
radar,n.雷達
radio,n.收音機
rage,n./v.發怒
raid,n.突擊
railway,n.鐵路
rain,n./v.雨
raise,v./n.舉起；上漲
rally,v./n.集合；開玩笑
range,n.區域
rank,n./v.等級；並排
rape,v.強姦
rapid,adj.快的
rare,adj.珍貴的
rat,n.鼠
rate,n./v.比率；評估
rather,adv.與其不如
rational,adj.理性的
raw,adj.生的
ray,n.光線
reach,n./v.抵達
react,v.反應
reaction,n.反應
read,v.讀
ready,adj.有準備的
real,adj.真的
realistic,adj.理論的
reality,n.真實性
realize,v.了解
reason,n.理由
reasonable,adj.有理由的；合理的
reassure,v.使安心
rebel,n.反抗者
rebellion,n造反
rebuild,v.重建
recall,v.想出
receipt,n.收到；收據
receive,v.收到
receiver,n.接受者；受話器
recent,adj.最近的
reception,n.接收
recession,n.經濟衰退
recipient,n.接受者
reckon,v.推斷
recognition,n.承認
recognize,v.承認
reconstruction,n.重建(物)
record,(1) n.記錄
recover,v.恢復
recovery,n.復原
recruit,v.招募
recycle,v.使再循環；使回收使用
red,adj./n.紅色的
reduce,v.減少
refer,v.起因於…
reference,n.委託
referendum,n.公民投票
reflect,v.反射
reflection,n.反映
reform,v.改革
refugee,n.難民
refusal,n.拒絕
refuse,v.拒絕
regain,v.取回
regard,n./v.注目；注意
region,n.地區
regional,adj.地區的
register,n./v.記錄；登記
registration,n.記錄
regret,n./v.哀傷；遺憾
regular,adj.整齊的；規律的
regulate,v.限制；控管
regulation,n.管理；限制
rehabilitation,n.康復
reign,n.君主統治時期
reject,v.拒絕；否認
relate,v.敘述
relationship,n.(親戚)關係
relative,(1) adj.比較上的
relatively,adv.相對地
relax,v.放鬆
release,n./v.解放
reliable,adj.可信賴的
relief,n.解除
relieve,v.減輕(痛苦)
religion,n.宗教
religious,adj.狂熱信仰的
reluctant,adj.不情願的；勉強的
rely,v.信賴
remain,v.殘留
remains,n.遺跡
remark,n./v.論述；評論
remarkable,adj.該注意的
remedy,n.治療
remember,v.記得
remind,v.使想起
remote,adj.遠離的
remove,v.除去
renew,v.回復
renowned,adj.著名的
rent,n./v.地租；承租
repair,n./v.修理
repeat,v.重覆地說(做)
reply,n./v.答覆
report,n./v.報告；述說
reporter,n.報告者
represent,v.描寫
representation,n.象徵
representative,adj./n.象徵的；例子
republic,n.共和國
reputation,n.名聲
request,n./v.要求
rescue,n./v.救助
research,n./v.研究
researcher,n.研究員
resemble,v.和…相似
reservation,n.保留
reserve,v.預備
reside,v.居住
resign,v.辭職
resignation,n.辭職；辭呈
resist,v.反抗
resistance,n.反抗
resolution,n.決心
resolve,v.決心；決定
resort,v.前往
resource,n.財產；資產
respect,n./v.尊敬
respective,adj.個別的
respond,v.回答
response,n.回答
responsibility,n.責任
responsible,adj.負責的
rest,n./v.休息
restaurant,n.餐廳
restoration,n.恢復
restore,v.歸還
restraint,n.克制
restrict,v.限制
result,n./v.結果；起因於…”
resume,v.重新開始
retail,n./adj./adv.零售；零售的(地)
retreat,v.後退；撒退
retrieve,v.找回
return,n./v.回復；歸還
reveal,v.揭露
revenge,n./v.報復
reverse,adj./n./v.相反的；反轉
review,v./n.再檢查；複習
revise,v.校正
revision,n.修正
revive,v.復活
revolution,n.革新
revolutionary,adj.革命(性)的
reward,n./v.報酬
rhetoric,n.修辭學
rhythm,n.節奏
rice,n.米
rich,adj.富有的
rid,n./v.解除；免談
ride,n./v.騎；騎乘
ridiculous,adj.可笑的
right,adj./adv./n.正確的
ring,n./v.圈；圍住
riot,n.暴動
rise,n./v.上升；站起來
risk,n./v.危險
ritual,n.(儀式的)活動
rival,n.對手
river,n.河流
road,n.路
rob,v.搶劫
robot,n.機器人
rock,n.岩石
rocket,n.火箭
role,n.角色
roll,n./v.滾動
romance,n.羅曼蒂克
romantic,adj./n.羅曼蒂克的
roof,n.屋頂
room,n.房問
root,n.根
rope,n.繩子
rose,n.玫瑰
rotation,n.旋轉
rough,adj.不平的；粗魯的
roughly,adv.大體上
round,adj./n.圓的
route,n.路線
routine,adj./n.慣常的
row,n./v.爭吵
royal,adj.王室的
rub,v.摩擦
rubber,n.橡膠
rude,adj.不禮貌的
ruin,n./v.毀滅
rule,n./v.規則
run,v.跑
runner,n.奔跑的人
rush,n./v.衝；急速前進
sack,n.大袋子
sad,adj.難過
safe,adj.安全的
safety,n.安全性
sail,n./v.船；坐船旅行
sailor,n.水手
sake,n.為二好處著想
salad,n.沙拉
salary,n.薪水
sale,n.出售；拍賣
salt,n.鹽
same,adj./pron.同樣的
sample,n.樣品
sanction,n.批准
sand,n.沙
sandwich,n.三明治
satellite,n.衛星
satisfaction,n.滿意
satisfy,v.滿意
saturday,n.星期六
sauce,n.醬料
save,v.拯救
say,v.說
scan,v.細看；掃描
scandal,n.醜聞
scare,v.恐嚇
scared,adj.害怕的
scary,adj.可怕的
scene,n.場景
schedule,n./v.時間表
scholar,n.學者
school,n.學校
science,n.科學
scientific,adj.科學的
scientist,n.科學家
score,n./v.刻痕；作訊號
scratch,v.抓(傷)
scream,n./v.尖叫聲；尖叫
screen,n.屏幕
script,n.原稿
scrutiny,n.細查
sculpture,n.雕塑(品)
sea,n.海洋
seal,(1) n.海豹；印章
search,v./n.搜尋
season,n.季節
seat,n./v.座位；坐下
second,adj./n.第 v.的；秒
secondary,adj.次要的
secret,adj./n.祕密的
secretary,n.秘書
section,n.地域
secular,adj.世俗的
secure,adj.安全的
security,n.安全
seek,v.尋覓
seem,v.似乎
seemingly,adv.看樣子
seize,v.扣押
seldom,adv.很少；不常
select,v.挑選
selection,n.選擇
self,pron.本身
sell,v.賣
seminar,n.研討會
send,v.送
sensation,n.感覺
sense,n./v.感官；覺得
sensible,adj.明智的
sensitive,adj.敏感的
sentence,n.判決
separate,adj./v.分開的
separation,n.分開
september,n.九月
serious,adj.嚴肅的
servant,n.僕人
serve,v.侍候
service,n.服侍
set,n./v.放置
settler,n.移民
seven,adj./n.七
seventeen,adj./n.十七
seventy,adj./n.七十
several,adj./n.幾個的；幾個
severe,adj.嚴格的
severely,adv.嚴重地
sex,n.性(別)
sexual,5adj.男女之問的
shade,n.陰蔭
shadow,n.陰影
shake,n./v.搖動
shallow,adj.淺的
shame,n./v.恥辱
shape,n./v.形狀；做成
share,n./v.分擔；分配
sharp,adj.尖銳的
shed,v.使流出
sheep,n.羊
sheer,adj.純粹的
shelf,n.架子
shell,n.外觀；外表
shelter,n./v.避難所
shift,n.變換
shine,n./v.光亮
shiny,adj.閃爍的
ship,n.船
shirt,n.襯衫
shock,n./v.震驚
shocked,adj.使震驚
shocking,adj.受震驚的
shoe,n.鞋
shoot,v.發射
shop,(1) n商店
shore,n.岸；濱
short,adj.短的
shortage,n.短缺
shot,n.射擊
should,aux.應該
shoulder,n./v.肩膀；肩負
shout,n./v.喊叫(聲)
show,n./v.表演；展現
shower,n.陣雨
shrink,v.縮小
shut,v.關上
shy,adj.羞怯的
sibling,n.手足
sick,adj.有病的
side,n.
sigh,n./v.嘆息
sight,n./v.視力；看見
sign,n./v.記號；簽字
signal,n./v.信號
signature,n.簽字
significance,n.重要性
significant,adj.重要的
silence,n./v.寂靜
silent,adj.寂靜的
silk,n.絲
silly,adj.愚蠢的
silver,adj./n.銀製的；銀
similar,adj.相似的
similarly,adv.同樣地
similarity,n.相似之處
simple,adj.簡單的
simultaneously,adv.同時
sin,n./v.罪惡
since,adv./prep.從…以來
sincere,adj.真心誠意的
sing,v.歌唱
singer,n.歌手
single,adj.單一的
sink,(2) v.下沉
sir,n.先生
sister,n.姊妹
sit,v.坐
site,n.場所
situated,adj.坐落在…的
situation,n.形勢
six,adj./n.六
sixteen,adj./n.十六
sixty,adj./n.六十
size,n.尺寸
sketch,n./v.素描
skill,n.技巧
skin,n./v.皮膚；剝…的皮
skip,n./v.輕跳；略過
skirt,n.裙子
sky,n.天空
slam,v.使勁關閉
slap,n.一巴掌
slash,v.亂砍
slave,n. 奴隸
sleep,n./v.睡眠
slice,n.片
slide,n./v.打滑
slight,adj.輕微的
slip,n./v.滑倒
slogan,n.口號
slope,n.斜坡
slow,adj.緩慢的
small,adj.小的
smart,adj.聰明的
smell,n./v.氣味；聞
smile,n./v.微笑
smoke,n./v.煙；抽煙
smooth,adj.光滑的
snake,n.蛇
snap,n./v.快照；突然折斷
snow,n./v.雪
so,adv./conj.所以
soak,v.浸泡
soap,n.肥皂
soccer,n.足球
social,adj.社會的
society,社會
soil,n./v.土壤；弄髒
solar,adj.太陽的
soldier,n.軍人
sole,n.腳底(板)；鞋底
solely,adj.唯一地
solicitor,n.懇求者；事務律師
solid,adj.堅固的
solidarity,n.團結
solo,n./adj.獨唱；單獨的
solve,v.解答
some,adj.一些
somebody,pron.有人
somehow,adv.不知怎麼地
someone,pron.某人
something,pron.某物
sometime,adv.在將來某個時候
sometimes,adv.有時
somewhat,adv.有點
somewhere,adv.某處
son,n.兒子
song,n.歌曲
soon,adv.很快
sorry,adj.感到抱歉的；感到遺憾的
sort,n./v.種類；把·分類
soul,n.靈魂
sound,adj.無恙的
soup,n.湯
source,n.來源
south,adj./adv./n.南方的
southern,adj.南方的
sovereignty,n.主權
space,n.空間
spare,adj./v.多餘的；撥出
speak,v.說話
speaker,n.演講者
special,adj.特別的
species,n.種類
specific,adj.明確的
spectacular,adj.壯觀的
speculate,v.推測；投機
speech,n.演講
speed,n/v.速度；急行
spell,v.拼寫
spelling,n.拼寫能力
spend,v.花費
spider,n.蜘蛛
spill,n./v.溢出；濺出
spirit,n.精神；心靈
spiritual,adj.精神的；心靈的
spite,n.惡意
split,n./v.裂縫；(使)裂開
spoil,v.破壞
sponsor,v./n贊助(者)
spoon,n./v.匙；用匙舀
sport,n.運動
spouse,n.配偶
spread,n./v.擴展
spring,n.春天
spy,n./v. 間諜；秘密監視
squad,n.爭吵
square,adj./n.四方的
squeeze,v.壓；擠
stab,n./v.刺；戳
stability,n.穩定性
stable,adj.穩定的
stadium,n.(露天)運動場
stage,n./v.舞臺；上演
stair,n.樓梯
stall,n.攤位
stamp,n./v.郵票；跺腳
stand,n./v.攤位；站
standard,adj./n.標準
star,n./v.星；明星
stare,n./v.瞪眼
start,n./v.開始
starve,v.(使)挨餓
state,n.狀態
station,n.車站
statistical,adj.統計(學)的
statue,n.雕像
status,n.社會地位
stay,n./v.停留
steady,adj.穩固的
steal,v.偷
steam,n./v.蒸汽
steel,n.鋼鐵
steep,adj.陡峭的
steer,v.駕駛
step,n./v.腳步；走
stereotype,n.老套
stick,v.刺入
sticky,adj.黏的
stiff,adj.硬的
still,adj./adv.靜止的；仍然
stimulus,n.刺激(物)
stir,v.攪動
stomach,n.胃
stone,n./v.石頭
stop,n./v.車站；停止
storage,n.儲存
store,n./v.店鋪；儲存
storm,n./v.暴風雨；猛烈攻擊
story,n.故事
straight,adj./adv.筆直的
strain,v.扭傷
strange,adj.奇怪的
stranger,n.陌生人
strategic,adj.戰略(性)的
strategy,n.策略
stream,n./v.小河
street,n.街道
strength,n.力氣
strengthen,v.加強
stress,n./v.壓力
stretch,n./v.伸展
strict,adj.嚴格的
strike,n./v.罷工；猛然攻擊
string,n./v.細繩
strive,v.奮鬥
stroke,n.一擊
strong,adj.強壯的
structural,adj.結構上的
structure,n.結構
struggle,n./v.掙扎；努力
student,n.學生
studio,n.工作室
study,n.學業
stuff,n.材料
stupid,adj.愚蠢的
style,n.風格
subject,n.主題
submit,v.提交
subsequently,ad v.後來
subsidy,n.補貼
substance,n.物質
substantially,adv.充足地
suburb,n.郊區
succeed,v.達成
success,n.成功
successful,adj.成功的
successive,adj.連續的
such,adj./prop.如此的
suck,v.吸；吮
sudden,adj.突然的
suffer,v.遭受
suffering,n.苦難
sufficient,adj.充足的
sugar,n.糖
suggest,v.建議
suggestion,n.提議
suicide,n.自殺
suit,n.一套衣服
suitable,adj.合適的
sum,n.總數
summarize,v.概述；總結
summary,n.摘要
summer,n.夏天
summit,n.山頂
sun,n./v.太陽；曬太陽
sunday,n.星期日
super,adj.極好的
superb,adj.極好的
superior,adj.上等的
supermarket,n.超級市場
supervise,v.監督
supervisor,n.監督人
supplement,n.補充
supply,n./v.供應
support,n./v.支持
suppose,v.猜想
supposedly,adv.據推測
suppress,v.鎮壓
sure,adj.確信的
surface,n.表面
surge,v.洶湧向前
surgeon,n.外科醫師
surgery,n.外科(手術)
surprise,n./v.驚訝；使驚奇
surprised,adj.感到驚奇的
surprising,adj.使人驚訝的
surrender,v.投降
surround,v.圍繞
survey,n./v.調查；審視
survival,n.殘存
survive,v.悻存
survivor,n.生還者
suspension,n.中止
suspicion,n.懷疑
suspicious,adj.猜疑的
swallow,n.燕子
swear,v.發誓
sweater,n.毛線衫
sweep,n. v.清掃；打掃
sweet,adj.甜的
swim,n. v.游泳
swing,n./v.鞦韆；搖擺
switch,n./ v.開關；轉變
sword,n.劍
symbol,n.象徵
sympathetic,adj.有同情心的
sympathy,n.同情心
synthesis,n.綜合(體)；合成
system,n.系統
systematic,adj.有系統的
table,n.桌子
tablet,n.藥片
tackle,v.處理
tag,n.標籤
tail,n.尾巴
take,v.拿(走)
tale,n.故事
talent,n.天賦
tall,adj.高的
tank,n.大容器
tap,n./v.塞子；輕敲
tape,n./v.錄音帶
target,n./v.靶子；對·瞄準
task,n.任務
taste,n./v.味覺；品嚐
tax,n./v.稅；對…微稅
taxi,n.計程車
tea,n.茶
teach,v.教導
teacher,n.教師
team,n.隊
tear,(2)、撕破
technical,adj.技術性的
technique,n.技術
technological,adj.工業技術的；科技的
technology,n.工業技術；(一門)科技
teenager,n.青少年
telephone,n.電話
television,n.電視機
tell,v.告訴
temperature,n.溫度
temple,n.廟宇
temporary,adj.暫時的
tempt,v.慫恿
ten,n.十
tenant,n.房客
tend,v.有…的傾向　
tendency,n.癖好
tender,adj.嫩的
tennis,n.網球(運動)
tension,n.緊張
tent,n帳篷
terminal,n.終點；總站
terminate,v.(使)終止
terrible,adj.可怕的
terrific,adj.極好的；嚇人的
terrify,v.使驚恐
territory,n.領土
test,n./v. 小考；考驗
testify,v.作證
text,n.本文
textbook,n.教科書
than,prep./conj.比；比較
thank,n./v.感謝
theatrical,adj.戲劇的
theft,n.偷竊
theme,n.主題
then,adj./adv.那時
theoretical,adj.理論(上)的
theory,n.理論
therapist,n.治療專家
there,n/adv.那裡
therefore,adv.因此
thesis,n.論文
thick,adj.厚的
thief,n.小偷
thin,adj.薄的
thing,n.束西
think,v.想
third,adj./n.第三
thirsty,adj.口渴的
thirteen,adj./n.十三
thirty,adj./n.三十
thorough,adj.徹底的
though,adv./conj.然而；雖然
thought,n.思想
thoughtful,adj.體貼的；沉思的
thousand,adj./n.一千
thread,n./v.線；穿線於
threat,n.威脅
threaten,v.恐嚇
three,adj./n.三
threshold,n.門檻；開端
thrive,v.興旺
throat,n.喉嚨
through,prep./adv.通過
throughout,prep./adv.遍及
throw,v.投；扔
thumb,n./v.拇指
thursday,n.星期四
thus,adv.這樣
ticket,n.票
tide,n.潮汐
tidy,adj.整潔的
tie,n.領帶
tight,adj./adj.緊的；緊緊地
tighten,v.(使)繃緊
till,prep./conj.直到
timber,n.木材
time,n./v.時間
tiny,adj.非常小的
tip,n./v.小費
tired,adj.疲倦的
tissue,n.組織
title,n.標題
tobacco,n.煙草
today,adv./n.今天
toe,n.腳趾
together,adv.一起
toilet,n.洗手間；廁所
tolerate,v.容忍
toll,n.通行費
tomato,n.蕃茄
tomorrow,adv./n.明天
ton,n.噸
tone,n.音調
tongue,n.舌(頭)
tonight,adv./n.今晚
tool,n.工具
tooth,n.牙齒
top,adj./nJv.頂端的；頂部
topic,n.題目
torture,v.拷打；折磨
toss,n./v.扔；擲
total,adj./n./v.完全的；總數
totally,adj.完全地
touch,n./v.觸覺；觸摸
tough,adj.堅韌的
tour,n./v.旅遊
tournament,n.錦標賽
tourism,n.觀光業
tourist,n.觀光客
towel,n.毛巾
tower,n./v.塔樓；屹立
town,n.城鎮
toxic,adj.有毒的
toy,n./v.玩具；玩弄
trace,n./v.蹤跡；追溯
track,n./v.軌道；追蹤
trade,n./v.貿易
tradition,n.傳統
traditional,adj.傳統的
traffic,n.交通
tragedy,n.悲劇
tragic,adj.悲慘的
train,n.火車
transfer,n./v.調動
transformation,n.轉變
transit,n.運輸
transition,n.過渡(期)
translate,v.翻譯
translation,n.翻譯
transmission,n.傳播
transmit,v.傳播
transport,n.運輸(系統)
trauma,n.精神創傷；外傷
travel,n./v.旅行
treasure,n./v.金銀財寶；珍惜
treat,n./v.請客；對待
tree,n.樹
tremendous,adj.極大的
trend,n.趨勢
trial,n.審判
tribe,n.部落
trick,n./v.詭計；欺騙
trigger,n./v.扳機；引發
trip,n.旅行
triumph,n./v.勝利；戰勝
troop,n.部隊
trophy,n.獎品
tropical,adj.熱帶的
trouble,n./v.憂慮
trousers,n.褲子
truck,n./v.卡車；用卡車裝運
true,adj.真實的
trust,n./v.信任
truth,n.事實
try,n./v.嘗試
tsunami,n.(源自日語)海嘯
tube,n.管子
tuesday,n.星期 v.
tuition,n.學費
tune,n./v.曲調
tunnel,n.隧道
turn,n./v.轉動
twelve,adj./n.十二
twenty,adj./n.二十
twice,adv.兩次
twin,n.孿生子之一
twist,n./v.彎曲；扭曲
two,adj./n.二
type,n.類型
typical,adj.典型的
ugly,adj.醜陋的
ultimately,adv.最後
umbrella,n.雨傘
uncle,n.伯父
uncomfortable,adj.不舒服的
under,prep./adv.在…下面
undergo,v.接受；經歷
undergraduate,n.大學肄業生
underground,adj.地(面)下的；祕密的
undertake,v.承擔
underwear,n.內衣
unemployed,adj.失業的
unemployment,n.失業人數
unfair,adj.不公平的
unfortunate,adj.不幸的
uniform,adj./n.相同的；制服
unify,v.統一
union,n.結合
unit,n.單位
unite,v.合併
unity,n.統一
universe,n.宇宙
university,n.大學
unless,conj.除非
unlike,prep.不像
unpleasant,adj.使人不愉快的
unprecedented,adj.前所未有的
until,prep./conj.直到…時
up,prep./adv.向上地
upgrade,v.提升
upper,adj.較高的
upset,adj./v.心煩的；使生氣
upstairs,adj.在樓上
urban,adj.城市的
urge,n./v.衝動；催促
urgent,adj.緊急的
us,pron.我們
usage,n.使用方法
use,n./v.益處；使用
used,adj.舊的
useful,adj.有用的
useless,adj.無用的
usual,adj.通常的
utterly,adj.完全地
vacation,n.假期
vacuum,n.真空；空虛(感)
validity,n.有效力
valley,n.山谷
valuable,adj.珍貴的
value,n./v.價值；估價
vanish,v.消失
variable,adj.易變的
variation,n.變化
variety,n多樣化
various,adj.各式各樣的
vary,v.變化
vast,adj.廣闊的
vegetable,n.蔬菜
vehicle,n.車輛
venture,n.冒險(行為)；投機
verbal,adj.口頭的
verdict,n.判決
verify,v.證實
verse,n.詩節
vertical,adj.垂直的
very,adv.非常
via,prep.取道
viable,adj.切實可行的
vicious,adj.惡意的
victim,n.受害者
victory,n.勝利
video,n.錄影帶
view,n./v.景色；看
village,n.村莊
violate,v.違背；侵犯
violence,n.暴力
violent,adj.兇暴的
virus,n.病毒
visa,n.簽證
visible,adj.看得見的
vision,n.視力
visit,n./v.探望
visitor,n.探訪者
visual,adj.視覺的
vital,adj.維持生命所必需的
vitamin,n.維他命
vocal,adj.發音的
voice,n./v.聲音；表達
volume,n.音量
voluntary,adj.自願的
volunteer,n./v.志願者；自願
vote,n./v.投票
vow,n.誓言
vulnerable,adj.脆弱的
wait,n./v.等候
waiter,n.侍者
wake,v.醒來
walk,n./v.走
wall,n.牆
wander,v.徘徊(於)
want,n./v. 想要
warn,v.警告
warning,n.警告
warrant,n.搜查令
warrior,n.戰士
wash,n./v.洗滌
waste,n./v.浪費
watch,n.手錶
water,n./v.水
wave,n/v.波；揮動
way,n.路
weak,adj.虛弱的
weaken,v.削弱
wealth,n.財富
wealthy,adj.富裕的
weapon,n.武器
wear,n./v.穿；戴
weather,n.天氣
weave,v.紡織
web,n.網
wedding,n.婚禮
wednesday,n.星期三
weed,n.雜草
week,n.週
weekly,adj./adv.一週一次的
weekend,n.週末
weigh,v.稱…的重量
weight,n.重量
welcome,n./v.歡迎
welfare,n.福利
well,adv.很好地
west,adj./adv./n.西方的
western,adj./n.西方世界
wet,adj.溼的
what,pron./conj.什麼
whatever,adj./advJpron./conj. 任何的；無論什麼
whatsoever,adj.任何的
wheat,n.小麥
wheel,n./v.輪子；旋轉
when,pron./adv./conj. 那時；什麼時候
whenever,adv./conj.無論什麼時候；每當
where,adv./pron./conj. 在哪裡；哪裡
whereby,adv.憑藉
wherever,conj./adv.無論到哪裡
whether,conj.是否
which,pron.哪一個
while,conj/n.當…的時候
whisper,n./v.低語
white,adj./n.白色的
who,pron.誰
whoever,pron.無論是誰
whole,adj./n.全部的
wholly,adv.完全地
whom,pron.誰
whose,pron.誰的
why,adv./pron./conj. 為什麼
wide,adj.寬的
widen,v.(使)變寬
